Period,Trade Flow,Destination,Country_Origin,2nd Partner,Customs Desc,Transport Mode,Commodity Code,Trade Value (US$),Net Weight(kg),Gross Weight,Qty Unit,Qty,Alternate Quantity unit,Alternate Quantity
202101,M,Malaysia,World,World,TOTAL CPC,TOTAL MOT,703,"$36,594,764",58596720,,kg,58596720,kg,58596720
202101,M,Malaysia,World,World,TOTAL CPC,Water,703,"$35,006,026",55993200,,kg,55993200,kg,55993200
202101,M,Malaysia,World,World,TOTAL CPC,Road,703,"$1,562,261",2591865,,kg,2591865,kg,2591865
202101,M,Malaysia,World,World,TOTAL CPC,Air,703,"$26,476",11654,,kg,11654,kg,11654
202101,M,Malaysia,Algeria,World,TOTAL CPC,TOTAL MOT,703,"$50,716",250000,,kg,250000,kg,250000
202101,M,Malaysia,Algeria,World,TOTAL CPC,Water,703,"$50,716",250000,,kg,250000,kg,250000
202101,M,Malaysia,Australia,World,TOTAL CPC,Water,703,"$43,269",63200,,kg,63200,kg,63200
202101,M,Malaysia,Australia,World,TOTAL CPC,Air,703,"$16,039",6598,,kg,6598,kg,6598
202101,M,Malaysia,Australia,World,TOTAL CPC,Road,703,"$11,178",11970,,kg,11970,kg,11970
202101,M,Malaysia,Australia,World,TOTAL CPC,TOTAL MOT,703,"$70,486",81768,,kg,81768,kg,81768
202101,M,Malaysia,Bangladesh,World,TOTAL CPC,TOTAL MOT,703,"$14,293",28700,,kg,28700,kg,28700
202101,M,Malaysia,Bangladesh,World,TOTAL CPC,Water,703,"$14,293",28700,,kg,28700,kg,28700
202101,M,Malaysia,Belgium,World,TOTAL CPC,Water,703,"$73,538",145000,,kg,145000,kg,145000
202101,M,Malaysia,Belgium,World,TOTAL CPC,TOTAL MOT,703,"$73,538",145000,,kg,145000,kg,145000
202101,M,Malaysia,Myanmar,World,TOTAL CPC,Water,703,"$388,490",975965,,kg,975965,kg,975965
202101,M,Malaysia,Myanmar,World,TOTAL CPC,TOTAL MOT,703,"$388,490",975965,,kg,975965,kg,975965
202101,M,Malaysia,China,World,TOTAL CPC,Water,703,"$14,633,695",15145707,,kg,15145707,kg,15145707
202101,M,Malaysia,China,World,TOTAL CPC,TOTAL MOT,703,"$14,651,373",15153564,,kg,15153564,kg,15153564
202101,M,Malaysia,China,World,TOTAL CPC,Road,703,"$17,677",7857,,kg,7857,kg,7857
202101,M,Malaysia,Indonesia,World,TOTAL CPC,Water,703,"$1,441",2240,,kg,2240,kg,2240
202101,M,Malaysia,Indonesia,World,TOTAL CPC,TOTAL MOT,703,"$1,441",2240,,kg,2240,kg,2240
202101,M,Malaysia,Iran,World,TOTAL CPC,Water,703,"$43,878",112300,,kg,112300,kg,112300
202101,M,Malaysia,Iran,World,TOTAL CPC,TOTAL MOT,703,"$43,878",112300,,kg,112300,kg,112300
202101,M,Malaysia,Japan,World,TOTAL CPC,TOTAL MOT,703,"$16,294",27300,,kg,27300,kg,27300
202101,M,Malaysia,Japan,World,TOTAL CPC,Water,703,"$11,061",23000,,kg,23000,kg,23000
202101,M,Malaysia,Japan,World,TOTAL CPC,Air,703,"$3,558",2050,,kg,2050,kg,2050
202101,M,Malaysia,Japan,World,TOTAL CPC,Road,703,"$1,674",2250,,kg,2250,kg,2250
202101,M,Malaysia,Rep. of Korea,World,TOTAL CPC,Air,703,"$1,690",1620,,kg,1620,kg,1620
202101,M,Malaysia,Rep. of Korea,World,TOTAL CPC,TOTAL MOT,703,"$1,690",1620,,kg,1620,kg,1620
202101,M,Malaysia,"Other Asia, nes",World,TOTAL CPC,Water,703,"$88,356",96000,,kg,96000,kg,96000
202101,M,Malaysia,"Other Asia, nes",World,TOTAL CPC,TOTAL MOT,703,"$88,356",96000,,kg,96000,kg,96000
202101,M,Malaysia,Netherlands,World,TOTAL CPC,TOTAL MOT,703,"$5,264,229",9314515,,kg,9314515,kg,9314515
202101,M,Malaysia,Netherlands,World,TOTAL CPC,Air,703,$100,25,,kg,25,kg,25
202101,M,Malaysia,Netherlands,World,TOTAL CPC,Road,703,"$10,296",21650,,kg,21650,kg,21650
202101,M,Malaysia,Netherlands,World,TOTAL CPC,Water,703,"$5,253,831",9292840,,kg,9292840,kg,9292840
202101,M,Malaysia,New Zealand,World,TOTAL CPC,Water,703,"$82,012",172000,,kg,172000,kg,172000
202101,M,Malaysia,New Zealand,World,TOTAL CPC,TOTAL MOT,703,"$82,012",172000,,kg,172000,kg,172000
202101,M,Malaysia,Pakistan,World,TOTAL CPC,TOTAL MOT,703,"$10,030,257",22333950,,kg,22333950,kg,22333950
202101,M,Malaysia,Pakistan,World,TOTAL CPC,Water,703,"$10,021,069",22312200,,kg,22312200,kg,22312200
202101,M,Malaysia,Pakistan,World,TOTAL CPC,Road,703,"$9,187",21750,,kg,21750,kg,21750
202101,M,Malaysia,India,World,TOTAL CPC,Road,703,"$9,066",16500,,kg,16500,kg,16500
202101,M,Malaysia,India,World,TOTAL CPC,Water,703,"$3,069,262",5323190,,kg,5323190,kg,5323190
202101,M,Malaysia,India,World,TOTAL CPC,TOTAL MOT,703,"$3,078,329",5339690,,kg,5339690,kg,5339690
202101,M,Malaysia,Singapore,World,TOTAL CPC,TOTAL MOT,703,$91,440,,kg,440,kg,440
202101,M,Malaysia,Singapore,World,TOTAL CPC,Road,703,$91,440,,kg,440,kg,440
202101,M,Malaysia,Viet Nam,World,TOTAL CPC,Water,703,"$12,901",31400,,kg,31400,kg,31400
202101,M,Malaysia,Viet Nam,World,TOTAL CPC,TOTAL MOT,703,"$12,901",31400,,kg,31400,kg,31400
202101,M,Malaysia,Spain,World,TOTAL CPC,TOTAL MOT,703,"$9,106",3200,,kg,3200,kg,3200
202101,M,Malaysia,Spain,World,TOTAL CPC,Road,703,"$9,106",3200,,kg,3200,kg,3200
202101,M,Malaysia,Thailand,World,TOTAL CPC,Road,703,"$1,484,120",2493288,,kg,2493288,kg,2493288
202101,M,Malaysia,Thailand,World,TOTAL CPC,TOTAL MOT,703,"$1,507,002",2521188,,kg,2521188,kg,2521188
202101,M,Malaysia,Thailand,World,TOTAL CPC,Water,703,"$22,881",27900,,kg,27900,kg,27900
202101,M,Malaysia,Turkey,World,TOTAL CPC,TOTAL MOT,703,"$856,523",1312460,,kg,1312460,kg,1312460
202101,M,Malaysia,Turkey,World,TOTAL CPC,Water,703,"$856,523",1312460,,kg,1312460,kg,1312460
202101,M,Malaysia,Ukraine,World,TOTAL CPC,Water,703,"$30,703",79000,,kg,79000,kg,79000
202101,M,Malaysia,Ukraine,World,TOTAL CPC,TOTAL MOT,703,"$30,703",79000,,kg,79000,kg,79000
202101,M,Malaysia,Egypt,World,TOTAL CPC,TOTAL MOT,703,"$308,097",600098,,kg,600098,kg,600098
202101,M,Malaysia,Egypt,World,TOTAL CPC,Water,703,"$308,097",600098,,kg,600098,kg,600098
202101,M,Malaysia,USA,World,TOTAL CPC,TOTAL MOT,703,"$14,949",14321,,kg,14321,kg,14321
202101,M,Malaysia,USA,World,TOTAL CPC,Air,703,"$5,086",1361,,kg,1361,kg,1361
202101,M,Malaysia,USA,World,TOTAL CPC,Road,703,"$9,863",12960,,kg,12960,kg,12960
202102,M,Malaysia,Thailand,World,TOTAL CPC,Road,703,"$1,391,088",2290854,,kg,2290854,kg,2290854
202102,M,Malaysia,India,World,TOTAL CPC,Road,703,"$6,122",10500,,kg,10500,kg,10500
202102,M,Malaysia,Pakistan,World,TOTAL CPC,Road,703,"$2,737",6750,,kg,6750,kg,6750
202102,M,Malaysia,Netherlands,World,TOTAL CPC,Road,703,"$13,061",4900,,kg,4900,kg,4900
202102,M,Malaysia,Japan,World,TOTAL CPC,Road,703,"$1,072",1800,,kg,1800,kg,1800
202102,M,Malaysia,China,World,TOTAL CPC,Road,703,"$23,040",9532,,kg,9532,kg,9532
202102,M,Malaysia,Australia,World,TOTAL CPC,Road,703,"$12,634",13836,,kg,13836,kg,13836
202102,M,Malaysia,World,World,TOTAL CPC,Road,703,"$1,449,758",2338172,,kg,2338172,kg,2338172
202102,M,Malaysia,United Kingdom,World,TOTAL CPC,Water,703,$28,12,,kg,12,kg,12
202102,M,Malaysia,Egypt,World,TOTAL CPC,Water,703,"$70,698",144225,,kg,144225,kg,144225
202102,M,Malaysia,Turkey,World,TOTAL CPC,Water,703,"$11,947",29510,,kg,29510,kg,29510
202102,M,Malaysia,Thailand,World,TOTAL CPC,Water,703,"$593,159",522760,,kg,522760,kg,522760
202102,M,Malaysia,Viet Nam,World,TOTAL CPC,Water,703,$667,408,,kg,408,kg,408
202102,M,Malaysia,India,World,TOTAL CPC,Water,703,"$4,808,530",8318500,,kg,8318500,kg,8318500
202102,M,Malaysia,Pakistan,World,TOTAL CPC,Water,703,"$3,995,952",11129700,,kg,11129700,kg,11129700
202102,M,Malaysia,New Zealand,World,TOTAL CPC,Water,703,"$3,216",480,,kg,480,kg,480
202102,M,Malaysia,Netherlands,World,TOTAL CPC,Water,703,"$3,434,471",6876520,,kg,6876520,kg,6876520
202102,M,Malaysia,Iran,World,TOTAL CPC,Water,703,"$22,965",85060,,kg,85060,kg,85060
202102,M,Malaysia,Indonesia,World,TOTAL CPC,Water,703,"$1,030",1390,,kg,1390,kg,1390
202102,M,Malaysia,"China, Hong Kong SAR",World,TOTAL CPC,Water,703,$526,120,,kg,120,kg,120
202102,M,Malaysia,France,World,TOTAL CPC,Water,703,$904,400,,kg,400,kg,400
202102,M,Malaysia,China,World,TOTAL CPC,Water,703,"$16,337,614",15604514,,kg,15604514,kg,15604514
202102,M,Malaysia,Myanmar,World,TOTAL CPC,Water,703,"$216,631",479113,,kg,479113,kg,479113
202102,M,Malaysia,Australia,World,TOTAL CPC,Water,703,"$21,888",26011,,kg,26011,kg,26011
202102,M,Malaysia,World,World,TOTAL CPC,Water,703,"$29,520,233",43218723,,kg,43218723,kg,43218723
202102,M,Malaysia,USA,World,TOTAL CPC,Air,703,"$4,334",811,,kg,811,kg,811
202102,M,Malaysia,India,World,TOTAL CPC,Air,703,"$2,040",1950,,kg,1950,kg,1950
202102,M,Malaysia,Rep. of Korea,World,TOTAL CPC,Air,703,$531,75,,kg,75,kg,75
202102,M,Malaysia,Japan,World,TOTAL CPC,Air,703,"$4,219",962,,kg,962,kg,962
202102,M,Malaysia,Australia,World,TOTAL CPC,Air,703,"$17,862",5251,,kg,5251,kg,5251
202102,M,Malaysia,World,World,TOTAL CPC,Air,703,"$28,988",9051,,kg,9051,kg,9051
202102,M,Malaysia,USA,World,TOTAL CPC,TOTAL MOT,703,"$4,334",811,,kg,811,kg,811
202102,M,Malaysia,United Kingdom,World,TOTAL CPC,TOTAL MOT,703,$28,12,,kg,12,kg,12
202102,M,Malaysia,Egypt,World,TOTAL CPC,TOTAL MOT,703,"$70,698",144225,,kg,144225,kg,144225
202102,M,Malaysia,Turkey,World,TOTAL CPC,TOTAL MOT,703,"$11,947",29510,,kg,29510,kg,29510
202102,M,Malaysia,Thailand,World,TOTAL CPC,TOTAL MOT,703,"$1,984,247",2813614,,kg,2813614,kg,2813614
202102,M,Malaysia,Viet Nam,World,TOTAL CPC,TOTAL MOT,703,$667,408,,kg,408,kg,408
202102,M,Malaysia,India,World,TOTAL CPC,TOTAL MOT,703,"$4,816,693",8330950,,kg,8330950,kg,8330950
202102,M,Malaysia,Pakistan,World,TOTAL CPC,TOTAL MOT,703,"$3,998,690",11136450,,kg,11136450,kg,11136450
202102,M,Malaysia,New Zealand,World,TOTAL CPC,TOTAL MOT,703,"$3,216",480,,kg,480,kg,480
202102,M,Malaysia,Netherlands,World,TOTAL CPC,TOTAL MOT,703,"$3,447,533",6881420,,kg,6881420,kg,6881420
202102,M,Malaysia,Rep. of Korea,World,TOTAL CPC,TOTAL MOT,703,$531,75,,kg,75,kg,75
202102,M,Malaysia,Japan,World,TOTAL CPC,TOTAL MOT,703,"$5,292",2762,,kg,2762,kg,2762
202102,M,Malaysia,Iran,World,TOTAL CPC,TOTAL MOT,703,"$22,965",85060,,kg,85060,kg,85060
202102,M,Malaysia,Indonesia,World,TOTAL CPC,TOTAL MOT,703,"$1,030",1390,,kg,1390,kg,1390
202102,M,Malaysia,"China, Hong Kong SAR",World,TOTAL CPC,TOTAL MOT,703,$526,120,,kg,120,kg,120
202102,M,Malaysia,France,World,TOTAL CPC,TOTAL MOT,703,$904,400,,kg,400,kg,400
202102,M,Malaysia,China,World,TOTAL CPC,TOTAL MOT,703,"$16,360,655",15614046,,kg,15614046,kg,15614046
202102,M,Malaysia,Myanmar,World,TOTAL CPC,TOTAL MOT,703,"$216,631",479113,,kg,479113,kg,479113
202102,M,Malaysia,Australia,World,TOTAL CPC,TOTAL MOT,703,"$52,385",45098,,kg,45098,kg,45098
202102,M,Malaysia,World,World,TOTAL CPC,TOTAL MOT,703,"$30,998,980",45565946,,kg,45565946,kg,45565946
202103,M,Malaysia,USA,World,TOTAL CPC,Road,703,"$1,455",1944,,kg,1944,kg,1944
202103,M,Malaysia,Thailand,World,TOTAL CPC,Road,703,"$1,064,746",2065367,,kg,2065367,kg,2065367
202103,M,Malaysia,Singapore,World,TOTAL CPC,Road,703,"$13,385",21520,,kg,21520,kg,21520
202103,M,Malaysia,India,World,TOTAL CPC,Road,703,"$5,450",12000,,kg,12000,kg,12000
202103,M,Malaysia,Pakistan,World,TOTAL CPC,Road,703,"$2,491",3225,,kg,3225,kg,3225
202103,M,Malaysia,Netherlands,World,TOTAL CPC,Road,703,"$13,341",12810,,kg,12810,kg,12810
202103,M,Malaysia,Japan,World,TOTAL CPC,Road,703,"$4,444",5566,,kg,5566,kg,5566
202103,M,Malaysia,China,World,TOTAL CPC,Road,703,"$12,494",6320,,kg,6320,kg,6320
202103,M,Malaysia,Myanmar,World,TOTAL CPC,Road,703,"$26,430",150000,,kg,150000,kg,150000
202103,M,Malaysia,Australia,World,TOTAL CPC,Road,703,"$15,118",22140,,kg,22140,kg,22140
202103,M,Malaysia,World,World,TOTAL CPC,Road,703,"$1,159,359",2300892,,kg,2300892,kg,2300892
202103,M,Malaysia,USA,World,TOTAL CPC,Water,703,"$31,630",26000,,kg,26000,kg,26000
202103,M,Malaysia,Egypt,World,TOTAL CPC,Water,703,"$131,585",373650,,kg,373650,kg,373650
202103,M,Malaysia,Ukraine,World,TOTAL CPC,Water,703,"$30,947",78000,,kg,78000,kg,78000
202103,M,Malaysia,Turkey,World,TOTAL CPC,Water,703,"$54,662",116190,,kg,116190,kg,116190
202103,M,Malaysia,Thailand,World,TOTAL CPC,Water,703,"$964,610",1290790,,kg,1290790,kg,1290790
202103,M,Malaysia,Viet Nam,World,TOTAL CPC,Water,703,"$11,225",55808,,kg,55808,kg,55808
202103,M,Malaysia,India,World,TOTAL CPC,Water,703,"$7,504,053",12704200,,kg,12704200,kg,12704200
202103,M,Malaysia,Pakistan,World,TOTAL CPC,Water,703,"$6,674,436",19390700,,kg,19390700,kg,19390700
202103,M,Malaysia,New Zealand,World,TOTAL CPC,Water,703,"$300,315",642490,,kg,642490,kg,642490
202103,M,Malaysia,Netherlands,World,TOTAL CPC,Water,703,"$2,513,113",5402410,,kg,5402410,kg,5402410
202103,M,Malaysia,"Other Asia, nes",World,TOTAL CPC,Water,703,"$43,444",48000,,kg,48000,kg,48000
202103,M,Malaysia,Japan,World,TOTAL CPC,Water,703,"$30,487",47650,,kg,47650,kg,47650
202103,M,Malaysia,Indonesia,World,TOTAL CPC,Water,703,"$8,712",10590,,kg,10590,kg,10590
202103,M,Malaysia,China,World,TOTAL CPC,Water,703,"$10,900,789",10666286,,kg,10666286,kg,10666286
202103,M,Malaysia,Myanmar,World,TOTAL CPC,Water,703,"$45,457",116880,,kg,116880,kg,116880
202103,M,Malaysia,Australia,World,TOTAL CPC,Water,703,"$107,108",184101,,kg,184101,kg,184101
202103,M,Malaysia,Argentina,World,TOTAL CPC,Water,703,"$166,272",73000,,kg,73000,kg,73000
202103,M,Malaysia,Algeria,World,TOTAL CPC,Water,703,"$2,484",12500,,kg,12500,kg,12500
202103,M,Malaysia,World,World,TOTAL CPC,Water,703,"$29,521,338",51239245,,kg,51239245,kg,51239245
202103,M,Malaysia,USA,World,TOTAL CPC,Air,703,"$4,752",1347,,kg,1347,kg,1347
202103,M,Malaysia,India,World,TOTAL CPC,Air,703,"$1,441",1400,,kg,1400,kg,1400
202103,M,Malaysia,Netherlands,World,TOTAL CPC,Air,703,$57,15,,kg,15,kg,15
202103,M,Malaysia,Rep. of Korea,World,TOTAL CPC,Air,703,"$1,959",257,,kg,257,kg,257
202103,M,Malaysia,Japan,World,TOTAL CPC,Air,703,"$10,186",7130,,kg,7130,kg,7130
202103,M,Malaysia,China,World,TOTAL CPC,Air,703,$259,100,,kg,100,kg,100
202103,M,Malaysia,Australia,World,TOTAL CPC,Air,703,"$11,729",3592,,kg,3592,kg,3592
202103,M,Malaysia,World,World,TOTAL CPC,Air,703,"$30,388",13841,,kg,13841,kg,13841
202103,M,Malaysia,USA,World,TOTAL CPC,TOTAL MOT,703,"$37,839",29291,,kg,29291,kg,29291
202103,M,Malaysia,Egypt,World,TOTAL CPC,TOTAL MOT,703,"$131,585",373650,,kg,373650,kg,373650
202103,M,Malaysia,Ukraine,World,TOTAL CPC,TOTAL MOT,703,"$30,947",78000,,kg,78000,kg,78000
202103,M,Malaysia,Turkey,World,TOTAL CPC,TOTAL MOT,703,"$54,662",116190,,kg,116190,kg,116190
202103,M,Malaysia,Thailand,World,TOTAL CPC,TOTAL MOT,703,"$2,029,357",3356157,,kg,3356157,kg,3356157
202103,M,Malaysia,Viet Nam,World,TOTAL CPC,TOTAL MOT,703,"$11,225",55808,,kg,55808,kg,55808
202103,M,Malaysia,Singapore,World,TOTAL CPC,TOTAL MOT,703,"$13,385",21520,,kg,21520,kg,21520
202103,M,Malaysia,India,World,TOTAL CPC,TOTAL MOT,703,"$7,510,945",12717600,,kg,12717600,kg,12717600
202103,M,Malaysia,Pakistan,World,TOTAL CPC,TOTAL MOT,703,"$6,676,928",19393925,,kg,19393925,kg,19393925
202103,M,Malaysia,New Zealand,World,TOTAL CPC,TOTAL MOT,703,"$300,315",642490,,kg,642490,kg,642490
202103,M,Malaysia,Netherlands,World,TOTAL CPC,TOTAL MOT,703,"$2,526,512",5415235,,kg,5415235,kg,5415235
202103,M,Malaysia,"Other Asia, nes",World,TOTAL CPC,TOTAL MOT,703,"$43,444",48000,,kg,48000,kg,48000
202103,M,Malaysia,Rep. of Korea,World,TOTAL CPC,TOTAL MOT,703,"$1,959",257,,kg,257,kg,257
202103,M,Malaysia,Japan,World,TOTAL CPC,TOTAL MOT,703,"$45,118",60346,,kg,60346,kg,60346
202103,M,Malaysia,Indonesia,World,TOTAL CPC,TOTAL MOT,703,"$8,712",10590,,kg,10590,kg,10590
202103,M,Malaysia,China,World,TOTAL CPC,TOTAL MOT,703,"$10,913,544",10672706,,kg,10672706,kg,10672706
202103,M,Malaysia,Myanmar,World,TOTAL CPC,TOTAL MOT,703,"$71,888",266880,,kg,266880,kg,266880
202103,M,Malaysia,Australia,World,TOTAL CPC,TOTAL MOT,703,"$133,956",209833,,kg,209833,kg,209833
202103,M,Malaysia,Argentina,World,TOTAL CPC,TOTAL MOT,703,"$166,272",73000,,kg,73000,kg,73000
202103,M,Malaysia,Algeria,World,TOTAL CPC,TOTAL MOT,703,"$2,484",12500,,kg,12500,kg,12500
202103,M,Malaysia,World,World,TOTAL CPC,TOTAL MOT,703,"$30,711,086",53553978,,kg,53553978,kg,53553978
202104,M,Malaysia,World,World,TOTAL CPC,TOTAL MOT,703,"$25,276,993",52130724,,kg,52130724,kg,52130724
202104,M,Malaysia,Australia,World,TOTAL CPC,TOTAL MOT,703,"$268,480",562954,,kg,562954,kg,562954
202104,M,Malaysia,Myanmar,World,TOTAL CPC,TOTAL MOT,703,"$55,533",176998,,kg,176998,kg,176998
202104,M,Malaysia,China,World,TOTAL CPC,TOTAL MOT,703,"$10,071,046",10829862,,kg,10829862,kg,10829862
202104,M,Malaysia,Indonesia,World,TOTAL CPC,TOTAL MOT,703,$101,420,,kg,420,kg,420
202104,M,Malaysia,Japan,World,TOTAL CPC,TOTAL MOT,703,"$27,656",8665,,kg,8665,kg,8665
202104,M,Malaysia,Netherlands,World,TOTAL CPC,TOTAL MOT,703,"$960,100",1888310,,kg,1888310,kg,1888310
202104,M,Malaysia,New Zealand,World,TOTAL CPC,TOTAL MOT,703,"$860,338",1807900,,kg,1807900,kg,1807900
202104,M,Malaysia,Pakistan,World,TOTAL CPC,TOTAL MOT,703,"$1,108,759",4227980,,kg,4227980,kg,4227980
202104,M,Malaysia,Saudi Arabia,World,TOTAL CPC,TOTAL MOT,703,$56,10,,kg,10,kg,10
202104,M,Malaysia,India,World,TOTAL CPC,TOTAL MOT,703,"$10,005,335",29511503,,kg,29511503,kg,29511503
202104,M,Malaysia,Singapore,World,TOTAL CPC,TOTAL MOT,703,$3,3,,kg,3,kg,3
202104,M,Malaysia,Viet Nam,World,TOTAL CPC,TOTAL MOT,703,"$2,542",1464,,kg,1464,kg,1464
202104,M,Malaysia,Thailand,World,TOTAL CPC,TOTAL MOT,703,"$1,829,420",2883615,,kg,2883615,kg,2883615
202104,M,Malaysia,Egypt,World,TOTAL CPC,TOTAL MOT,703,"$87,266",231000,,kg,231000,kg,231000
202104,M,Malaysia,USA,World,TOTAL CPC,TOTAL MOT,703,$351,40,,kg,40,kg,40
202104,M,Malaysia,World,World,TOTAL CPC,Air,703,"$30,477",8807,,kg,8807,kg,8807
202104,M,Malaysia,Australia,World,TOTAL CPC,Air,703,"$6,089",1724,,kg,1724,kg,1724
202104,M,Malaysia,Japan,World,TOTAL CPC,Air,703,"$22,289",5410,,kg,5410,kg,5410
202104,M,Malaysia,Netherlands,World,TOTAL CPC,Air,703,$36,10,,kg,10,kg,10
202104,M,Malaysia,Saudi Arabia,World,TOTAL CPC,Air,703,$56,10,,kg,10,kg,10
202104,M,Malaysia,India,World,TOTAL CPC,Air,703,"$1,652",1610,,kg,1610,kg,1610
202104,M,Malaysia,Singapore,World,TOTAL CPC,Air,703,$3,3,,kg,3,kg,3
202104,M,Malaysia,USA,World,TOTAL CPC,Air,703,$351,40,,kg,40,kg,40
202104,M,Malaysia,World,World,TOTAL CPC,Water,703,"$24,605,480",50695418,,kg,50695418,kg,50695418
202104,M,Malaysia,Australia,World,TOTAL CPC,Water,703,"$253,143",549680,,kg,549680,kg,549680
202104,M,Malaysia,Myanmar,World,TOTAL CPC,Water,703,"$37,142",86998,,kg,86998,kg,86998
202104,M,Malaysia,China,World,TOTAL CPC,Water,703,"$10,054,594",10816071,,kg,10816071,kg,10816071
202104,M,Malaysia,Indonesia,World,TOTAL CPC,Water,703,$101,420,,kg,420,kg,420
202104,M,Malaysia,Japan,World,TOTAL CPC,Water,703,"$5,307",3175,,kg,3175,kg,3175
202104,M,Malaysia,Netherlands,World,TOTAL CPC,Water,703,"$953,331",1884990,,kg,1884990,kg,1884990
202104,M,Malaysia,New Zealand,World,TOTAL CPC,Water,703,"$860,338",1807900,,kg,1807900,kg,1807900
202104,M,Malaysia,Pakistan,World,TOTAL CPC,Water,703,"$1,107,261",4221830,,kg,4221830,kg,4221830
202104,M,Malaysia,India,World,TOTAL CPC,Water,703,"$9,994,907",29483400,,kg,29483400,kg,29483400
202104,M,Malaysia,Viet Nam,World,TOTAL CPC,Water,703,"$2,542",1464,,kg,1464,kg,1464
202104,M,Malaysia,Thailand,World,TOTAL CPC,Water,703,"$1,249,543",1608490,,kg,1608490,kg,1608490
202104,M,Malaysia,Egypt,World,TOTAL CPC,Water,703,"$87,266",231000,,kg,231000,kg,231000
202104,M,Malaysia,World,World,TOTAL CPC,Road,703,"$641,034",1426499,,kg,1426499,kg,1426499
202104,M,Malaysia,Australia,World,TOTAL CPC,Road,703,"$9,247",11550,,kg,11550,kg,11550
202104,M,Malaysia,Myanmar,World,TOTAL CPC,Road,703,"$18,390",90000,,kg,90000,kg,90000
202104,M,Malaysia,China,World,TOTAL CPC,Road,703,"$16,451",13791,,kg,13791,kg,13791
202104,M,Malaysia,Japan,World,TOTAL CPC,Road,703,$60,80,,kg,80,kg,80
202104,M,Malaysia,Netherlands,World,TOTAL CPC,Road,703,"$6,733",3310,,kg,3310,kg,3310
202104,M,Malaysia,Pakistan,World,TOTAL CPC,Road,703,"$1,498",6150,,kg,6150,kg,6150
202104,M,Malaysia,India,World,TOTAL CPC,Road,703,"$8,775",26493,,kg,26493,kg,26493
202104,M,Malaysia,Thailand,World,TOTAL CPC,Road,703,"$579,877",1275125,,kg,1275125,kg,127512
202105,M,Malaysia,Thailand,World,TOTAL CPC,Road,703,"$527,355",1165036,,kg,1165036,kg,1165036
202105,M,Malaysia,Singapore,World,TOTAL CPC,Road,703,$12,26,,kg,26,kg,26
202105,M,Malaysia,India,World,TOTAL CPC,Road,703,"$3,878",9948,,kg,9948,kg,9948
202105,M,Malaysia,Pakistan,World,TOTAL CPC,Road,703,$357,900,,kg,900,kg,900
202105,M,Malaysia,New Zealand,World,TOTAL CPC,Road,703,"$22,784",35605,,kg,35605,kg,35605
202105,M,Malaysia,Netherlands,World,TOTAL CPC,Road,703,"$1,626",350,,kg,350,kg,350
202105,M,Malaysia,China,World,TOTAL CPC,Road,703,"$7,357",3458,,kg,3458,kg,3458
202105,M,Malaysia,Myanmar,World,TOTAL CPC,Road,703,"$17,203",90000,,kg,90000,kg,90000
202105,M,Malaysia,Australia,World,TOTAL CPC,Road,703,"$30,371",38850,,kg,38850,kg,38850
202105,M,Malaysia,World,World,TOTAL CPC,Road,703,"$610,948",1344173,,kg,1344173,kg,1344173
202105,M,Malaysia,USA,World,TOTAL CPC,Water,703,"$28,171",29000,,kg,29000,kg,29000
202105,M,Malaysia,Egypt,World,TOTAL CPC,Water,703,"$238,401",588160,,kg,588160,kg,588160
202105,M,Malaysia,Thailand,World,TOTAL CPC,Water,703,"$237,669",306368,,kg,306368,kg,306368
202105,M,Malaysia,Viet Nam,World,TOTAL CPC,Water,703,$942,600,,kg,600,kg,600
202105,M,Malaysia,India,World,TOTAL CPC,Water,703,"$8,984,772",26664500,,kg,26664500,kg,26664500
202105,M,Malaysia,Pakistan,World,TOTAL CPC,Water,703,"$2,103,205",9339390,,kg,9339390,kg,9339390
202105,M,Malaysia,New Zealand,World,TOTAL CPC,Water,703,"$1,467,106",3034010,,kg,3034010,kg,3034010
202105,M,Malaysia,Netherlands,World,TOTAL CPC,Water,703,"$473,735",977870,,kg,977870,kg,977870
202105,M,Malaysia,Japan,World,TOTAL CPC,Water,703,"$5,086",1330,,kg,1330,kg,1330
202105,M,Malaysia,China,World,TOTAL CPC,Water,703,"$10,967,985",11926281,,kg,11926281,kg,11926281
202105,M,Malaysia,Myanmar,World,TOTAL CPC,Water,703,"$22,979",29000,,kg,29000,kg,29000
202105,M,Malaysia,Australia,World,TOTAL CPC,Water,703,"$446,974",930347,,kg,930347,kg,930347
202105,M,Malaysia,World,World,TOTAL CPC,Water,703,"$24,977,029",53826856,,kg,53826856,kg,53826856
202105,M,Malaysia,USA,World,TOTAL CPC,Air,703,"$1,762",559,,kg,559,kg,559
202105,M,Malaysia,Singapore,World,TOTAL CPC,Air,703,$1,1,,kg,1,kg,1
202105,M,Malaysia,India,World,TOTAL CPC,Air,703,"$2,204",2150,,kg,2150,kg,2150
202105,M,Malaysia,Netherlands,World,TOTAL CPC,Air,703,$45,10,,kg,10,kg,10
202105,M,Malaysia,Japan,World,TOTAL CPC,Air,703,"$14,397",1094,,kg,1094,kg,1094
202105,M,Malaysia,France,World,TOTAL CPC,Air,703,$26,3,,kg,3,kg,3
202105,M,Malaysia,Australia,World,TOTAL CPC,Air,703,"$9,386",2068,,kg,2068,kg,2068
202105,M,Malaysia,World,World,TOTAL CPC,Air,703,"$27,824",5886,,kg,5886,kg,5886
202105,M,Malaysia,USA,World,TOTAL CPC,TOTAL MOT,703,"$29,934",29559,,kg,29559,kg,29559
202105,M,Malaysia,Egypt,World,TOTAL CPC,TOTAL MOT,703,"$238,401",588160,,kg,588160,kg,588160
202105,M,Malaysia,Thailand,World,TOTAL CPC,TOTAL MOT,703,"$765,025",1471404,,kg,1471404,kg,1471404
202105,M,Malaysia,Viet Nam,World,TOTAL CPC,TOTAL MOT,703,$942,600,,kg,600,kg,600
202105,M,Malaysia,Singapore,World,TOTAL CPC,TOTAL MOT,703,$13,27,,kg,27,kg,27
202105,M,Malaysia,India,World,TOTAL CPC,TOTAL MOT,703,"$8,990,855",26676598,,kg,26676598,kg,26676598
202105,M,Malaysia,Pakistan,World,TOTAL CPC,TOTAL MOT,703,"$2,103,562",9340290,,kg,9340290,kg,9340290
202105,M,Malaysia,New Zealand,World,TOTAL CPC,TOTAL MOT,703,"$1,489,891",3069615,,kg,3069615,kg,3069615
202105,M,Malaysia,Netherlands,World,TOTAL CPC,TOTAL MOT,703,"$475,407",978230,,kg,978230,kg,978230
202105,M,Malaysia,Japan,World,TOTAL CPC,TOTAL MOT,703,"$19,484",2424,,kg,2424,kg,2424
202105,M,Malaysia,France,World,TOTAL CPC,TOTAL MOT,703,$26,3,,kg,3,kg,3
202105,M,Malaysia,China,World,TOTAL CPC,TOTAL MOT,703,"$10,975,343",11929739,,kg,11929739,kg,11929739
202105,M,Malaysia,Myanmar,World,TOTAL CPC,TOTAL MOT,703,"$40,182",119000,,kg,119000,kg,119000
202105,M,Malaysia,Australia,World,TOTAL CPC,TOTAL MOT,703,"$486,731",971265,,kg,971265,kg,971265
202105,M,Malaysia,World,World,TOTAL CPC,TOTAL MOT,703,"$25,615,802",55176915,,kg,55176915,kg,55176915
202106,M,Malaysia,World,World,TOTAL CPC,TOTAL MOT,703,"$25,292,892",48074280,,kg,48074280,kg,48074280
202106,M,Malaysia,Australia,World,TOTAL CPC,TOTAL MOT,703,"$677,777",1286514,,kg,1286514,kg,1286514
202106,M,Malaysia,Myanmar,World,TOTAL CPC,TOTAL MOT,703,"$17,706",58600,,kg,58600,kg,58600
202106,M,Malaysia,China,World,TOTAL CPC,TOTAL MOT,703,"$11,442,007",11587274,,kg,11587274,kg,11587274
202106,M,Malaysia,Indonesia,World,TOTAL CPC,TOTAL MOT,703,$727,2379,,kg,2379,kg,2379
202106,M,Malaysia,Japan,World,TOTAL CPC,TOTAL MOT,703,"$21,349",6151,,kg,6151,kg,6151
202106,M,Malaysia,Rep. of Korea,World,TOTAL CPC,TOTAL MOT,703,"$1,490",440,,kg,440,kg,440
202106,M,Malaysia,"Other Asia, nes",World,TOTAL CPC,TOTAL MOT,703,"$111,020",54000,,kg,54000,kg,54000
202106,M,Malaysia,Netherlands,World,TOTAL CPC,TOTAL MOT,703,"$410,795",741250,,kg,741250,kg,741250
202106,M,Malaysia,New Zealand,World,TOTAL CPC,TOTAL MOT,703,"$2,060,366",4283565,,kg,4283565,kg,4283565
202106,M,Malaysia,Pakistan,World,TOTAL CPC,TOTAL MOT,703,"$3,845,750",14216907,,kg,14216907,kg,14216907
202106,M,Malaysia,India,World,TOTAL CPC,TOTAL MOT,703,"$5,814,253",14018550,,kg,14018550,kg,14018550
202106,M,Malaysia,Viet Nam,World,TOTAL CPC,TOTAL MOT,703,"$2,296",1536,,kg,1536,kg,1536
202106,M,Malaysia,Thailand,World,TOTAL CPC,TOTAL MOT,703,"$623,892",1247042,,kg,1247042,kg,1247042
202106,M,Malaysia,Egypt,World,TOTAL CPC,TOTAL MOT,703,"$230,833",512809,,kg,512809,kg,512809
202106,M,Malaysia,USA,World,TOTAL CPC,TOTAL MOT,703,"$32,625",57262,,kg,57262,kg,57262
202106,M,Malaysia,World,World,TOTAL CPC,Air,703,"$37,017",10594,,kg,10594,kg,10594
202106,M,Malaysia,Australia,World,TOTAL CPC,Air,703,"$12,467",3014,,kg,3014,kg,3014
202106,M,Malaysia,Japan,World,TOTAL CPC,Air,703,"$19,121",5579,,kg,5579,kg,5579
202106,M,Malaysia,Rep. of Korea,World,TOTAL CPC,Air,703,"$1,490",440,,kg,440,kg,440
202106,M,Malaysia,India,World,TOTAL CPC,Air,703,"$1,074",1050,,kg,1050,kg,1050
202106,M,Malaysia,USA,World,TOTAL CPC,Air,703,"$2,863",510,,kg,510,kg,510
202106,M,Malaysia,USA,World,TOTAL CPC,Water,703,"$26,161",52000,,kg,52000,kg,52000
202106,M,Malaysia,Egypt,World,TOTAL CPC,Water,703,"$230,833",512809,,kg,512809,kg,512809
202106,M,Malaysia,Thailand,World,TOTAL CPC,Water,703,"$87,960",115135,,kg,115135,kg,115135
202106,M,Malaysia,Viet Nam,World,TOTAL CPC,Water,703,"$2,296",1536,,kg,1536,kg,1536
202106,M,Malaysia,India,World,TOTAL CPC,Water,703,"$5,803,103",13996400,,kg,13996400,kg,13996400
202106,M,Malaysia,Pakistan,World,TOTAL CPC,Water,703,"$3,845,667",14216700,,kg,14216700,kg,14216700
202106,M,Malaysia,New Zealand,World,TOTAL CPC,Water,703,"$2,054,501",4274930,,kg,4274930,kg,4274930
202106,M,Malaysia,Netherlands,World,TOTAL CPC,Water,703,"$408,059",740680,,kg,740680,kg,740680
202106,M,Malaysia,"Other Asia, nes",World,TOTAL CPC,Water,703,"$111,020",54000,,kg,54000,kg,54000
202106,M,Malaysia,Japan,World,TOTAL CPC,Water,703,"$2,227",572,,kg,572,kg,572
202106,M,Malaysia,Indonesia,World,TOTAL CPC,Water,703,$727,2379,,kg,2379,kg,2379
202106,M,Malaysia,China,World,TOTAL CPC,Water,703,"$11,437,679",11584989,,kg,11584989,kg,11584989
202106,M,Malaysia,Myanmar,World,TOTAL CPC,Water,703,"$11,668",28600,,kg,28600,kg,28600
202106,M,Malaysia,Australia,World,TOTAL CPC,Water,703,"$614,508",1206320,,kg,1206320,kg,1206320
202106,M,Malaysia,World,World,TOTAL CPC,Water,703,"$24,636,415",46787050,,kg,46787050,kg,46787050
202106,M,Malaysia,World,World,TOTAL CPC,Road,703,"$619,459",1276636,,kg,1276636,kg,1276636
202106,M,Malaysia,Australia,World,TOTAL CPC,Road,703,"$50,801",77180,,kg,77180,kg,77180
202106,M,Malaysia,Myanmar,World,TOTAL CPC,Road,703,"$6,037",30000,,kg,30000,kg,30000
202106,M,Malaysia,China,World,TOTAL CPC,Road,703,"$4,328",2285,,kg,2285,kg,2285
202106,M,Malaysia,Netherlands,World,TOTAL CPC,Road,703,"$2,736",570,,kg,570,kg,570
202106,M,Malaysia,New Zealand,World,TOTAL CPC,Road,703,"$5,865",8635,,kg,8635,kg,8635
202106,M,Malaysia,Pakistan,World,TOTAL CPC,Road,703,$83,207,,kg,207,kg,207
202106,M,Malaysia,India,World,TOTAL CPC,Road,703,"$10,075",21100,,kg,21100,kg,21100
202106,M,Malaysia,Thailand,World,TOTAL CPC,Road,703,"$535,931",1131907,,kg,1131907,kg,1131907
202106,M,Malaysia,USA,World,TOTAL CPC,Road,703,"$3,600",4752,,kg,4752,kg,4752
202107,M,Malaysia,World,World,TOTAL CPC,TOTAL MOT,703,"$32,458,753",53767548,,kg,53767548,kg,53767548
202107,M,Malaysia,Australia,World,TOTAL CPC,TOTAL MOT,703,"$656,022",1246116,,kg,1246116,kg,1246116
202107,M,Malaysia,Myanmar,World,TOTAL CPC,TOTAL MOT,703,"$59,222",198000,,kg,198000,kg,198000
202107,M,Malaysia,China,World,TOTAL CPC,TOTAL MOT,703,"$17,878,899",16856667,,kg,16856667,kg,16856667
202107,M,Malaysia,"China, Hong Kong SAR",World,TOTAL CPC,TOTAL MOT,703,"$2,005",930,,kg,930,kg,930
202107,M,Malaysia,Indonesia,World,TOTAL CPC,TOTAL MOT,703,"$58,402",31450,,kg,31450,kg,31450
202107,M,Malaysia,Japan,World,TOTAL CPC,TOTAL MOT,703,"$8,829",3745,,kg,3745,kg,3745
202107,M,Malaysia,"Other Asia, nes",World,TOTAL CPC,TOTAL MOT,703,"$55,044",25000,,kg,25000,kg,25000
202107,M,Malaysia,Netherlands,World,TOTAL CPC,TOTAL MOT,703,"$43,125",81780,,kg,81780,kg,81780
202107,M,Malaysia,New Zealand,World,TOTAL CPC,TOTAL MOT,703,"$2,579,292",5167790,,kg,5167790,kg,5167790
202107,M,Malaysia,Pakistan,World,TOTAL CPC,TOTAL MOT,703,"$4,325,374",14763800,,kg,14763800,kg,14763800
202107,M,Malaysia,India,World,TOTAL CPC,TOTAL MOT,703,"$6,045,945",13728800,,kg,13728800,kg,13728800
202107,M,Malaysia,Spain,World,TOTAL CPC,TOTAL MOT,703,"$9,724",3790,,kg,3790,kg,3790
202107,M,Malaysia,Thailand,World,TOTAL CPC,TOTAL MOT,703,"$443,951",1022775,,kg,1022775,kg,1022775
202107,M,Malaysia,Turkey,World,TOTAL CPC,TOTAL MOT,703,"$54,198",87100,,kg,87100,kg,87100
202107,M,Malaysia,Egypt,World,TOTAL CPC,TOTAL MOT,703,"$236,215",549400,,kg,549400,kg,549400
202107,M,Malaysia,USA,World,TOTAL CPC,TOTAL MOT,703,"$2,501",405,,kg,405,kg,405
202107,M,Malaysia,World,World,TOTAL CPC,Air,703,"$22,723",8856,,kg,8856,kg,8856
202107,M,Malaysia,Australia,World,TOTAL CPC,Air,703,"$9,528",2856,,kg,2856,kg,2856
202107,M,Malaysia,Japan,World,TOTAL CPC,Air,703,"$8,829",3745,,kg,3745,kg,3745
202107,M,Malaysia,India,World,TOTAL CPC,Air,703,"$1,864",1850,,kg,1850,kg,1850
202107,M,Malaysia,USA,World,TOTAL CPC,Air,703,"$2,501",405,,kg,405,kg,405
202107,M,Malaysia,World,World,TOTAL CPC,Water,703,"$31,922,538",52506302,,kg,52506302,kg,52506302
202107,M,Malaysia,Australia,World,TOTAL CPC,Water,703,"$622,272",1204400,,kg,1204400,kg,1204400
202107,M,Malaysia,Myanmar,World,TOTAL CPC,Water,703,"$39,582",44000,,kg,44000,kg,44000
202107,M,Malaysia,China,World,TOTAL CPC,Water,703,"$17,874,906",16850472,,kg,16850472,kg,16850472
202107,M,Malaysia,"China, Hong Kong SAR",World,TOTAL CPC,Water,703,"$2,005",930,,kg,930,kg,930
202107,M,Malaysia,Indonesia,World,TOTAL CPC,Water,703,"$53,739",29450,,kg,29450,kg,29450
202107,M,Malaysia,"Other Asia, nes",World,TOTAL CPC,Water,703,"$55,044",25000,,kg,25000,kg,25000
202107,M,Malaysia,Netherlands,World,TOTAL CPC,Water,703,"$38,589",80800,,kg,80800,kg,80800
202107,M,Malaysia,New Zealand,World,TOTAL CPC,Water,703,"$2,564,103",5141750,,kg,5141750,kg,5141750
202107,M,Malaysia,Pakistan,World,TOTAL CPC,Water,703,"$4,325,374",14763800,,kg,14763800,kg,14763800
202107,M,Malaysia,India,World,TOTAL CPC,Water,703,"$6,033,218",13704000,,kg,13704000,kg,13704000
202107,M,Malaysia,Thailand,World,TOTAL CPC,Water,703,"$23,286",25200,,kg,25200,kg,25200
202107,M,Malaysia,Turkey,World,TOTAL CPC,Water,703,"$54,198",87100,,kg,87100,kg,87100
202107,M,Malaysia,Egypt,World,TOTAL CPC,Water,703,"$236,215",549400,,kg,549400,kg,549400
202107,M,Malaysia,World,World,TOTAL CPC,Road,703,"$513,491",1252390,,kg,1252390,kg,1252390
202107,M,Malaysia,Australia,World,TOTAL CPC,Road,703,"$24,222",38860,,kg,38860,kg,38860
202107,M,Malaysia,Myanmar,World,TOTAL CPC,Road,703,"$19,640",154000,,kg,154000,kg,154000
202107,M,Malaysia,China,World,TOTAL CPC,Road,703,"$3,992",6195,,kg,6195,kg,6195
202107,M,Malaysia,Indonesia,World,TOTAL CPC,Road,703,"$4,662",2000,,kg,2000,kg,2000
202107,M,Malaysia,Netherlands,World,TOTAL CPC,Road,703,"$4,535",980,,kg,980,kg,980
202107,M,Malaysia,New Zealand,World,TOTAL CPC,Road,703,"$15,188",26040,,kg,26040,kg,26040
202107,M,Malaysia,India,World,TOTAL CPC,Road,703,"$10,862",22950,,kg,22950,kg,22950
202107,M,Malaysia,Spain,World,TOTAL CPC,Road,703,"$9,724",3790,,kg,3790,kg,3790
202107,M,Malaysia,Thailand,World,TOTAL CPC,Road,703,"$420,664",997575,,kg,997575,kg,997575
202108,M,Malaysia,World,World,TOTAL CPC,TOTAL MOT,703,"$32,314,168",54501331,,kg,54501331,kg,54501331
202108,M,Malaysia,World,World,TOTAL CPC,Water,703,"$31,908,692",52933500,,kg,52933500,kg,52933500
202108,M,Malaysia,World,World,TOTAL CPC,Road,703,"$388,031",1564268,,kg,1564268,kg,1564268
202108,M,Malaysia,World,World,TOTAL CPC,Air,703,"$17,444",3563,,kg,3563,kg,3563
202108,M,Malaysia,Australia,World,TOTAL CPC,TOTAL MOT,703,"$643,923",1245682,,kg,1245682,kg,1245682
202108,M,Malaysia,Australia,World,TOTAL CPC,Water,703,"$610,802",1220010,,kg,1220010,kg,1220010
202108,M,Malaysia,Australia,World,TOTAL CPC,Air,703,"$7,440",2052,,kg,2052,kg,2052
202108,M,Malaysia,Australia,World,TOTAL CPC,Road,703,"$25,680",23620,,kg,23620,kg,23620
202108,M,Malaysia,Myanmar,World,TOTAL CPC,Road,703,"$27,004",150000,,kg,150000,kg,150000
202108,M,Malaysia,Myanmar,World,TOTAL CPC,TOTAL MOT,703,"$27,004",150000,,kg,150000,kg,150000
202108,M,Malaysia,Canada,World,TOTAL CPC,TOTAL MOT,703,"$7,410",29000,,kg,29000,kg,29000
202108,M,Malaysia,Canada,World,TOTAL CPC,Water,703,"$7,410",29000,,kg,29000,kg,29000
202108,M,Malaysia,China,World,TOTAL CPC,Water,703,"$15,873,387",15523950,,kg,15523950,kg,15523950
202108,M,Malaysia,China,World,TOTAL CPC,TOTAL MOT,703,"$15,881,825",15528191,,kg,15528191,kg,15528191
202108,M,Malaysia,China,World,TOTAL CPC,Road,703,"$8,437",4241,,kg,4241,kg,4241
202108,M,Malaysia,Indonesia,World,TOTAL CPC,Road,703,"$13,194",5000,,kg,5000,kg,5000
202108,M,Malaysia,Indonesia,World,TOTAL CPC,TOTAL MOT,703,"$14,231",9380,,kg,9380,kg,9380
202108,M,Malaysia,Indonesia,World,TOTAL CPC,Water,703,"$1,037",4380,,kg,4380,kg,4380
202108,M,Malaysia,Japan,World,TOTAL CPC,Air,703,"$6,138",924,,kg,924,kg,924
202108,M,Malaysia,Japan,World,TOTAL CPC,TOTAL MOT,703,"$6,138",924,,kg,924,kg,924
202108,M,Malaysia,Rep. of Korea,World,TOTAL CPC,Air,703,$921,165,,kg,165,kg,165
202108,M,Malaysia,Rep. of Korea,World,TOTAL CPC,TOTAL MOT,703,$921,165,,kg,165,kg,165
202108,M,Malaysia,Netherlands,World,TOTAL CPC,Air,703,$126,15,,kg,15,kg,15
202108,M,Malaysia,Netherlands,World,TOTAL CPC,Water,703,"$363,294",740580,,kg,740580,kg,740580
202108,M,Malaysia,Netherlands,World,TOTAL CPC,TOTAL MOT,703,"$367,184",741415,,kg,741415,kg,741415
202108,M,Malaysia,Netherlands,World,TOTAL CPC,Road,703,"$3,762",820,,kg,820,kg,820
202108,M,Malaysia,New Zealand,World,TOTAL CPC,Road,703,"$16,560",30450,,kg,30450,kg,30450
202108,M,Malaysia,New Zealand,World,TOTAL CPC,TOTAL MOT,703,"$2,474,574",4784030,,kg,4784030,kg,4784030
202108,M,Malaysia,New Zealand,World,TOTAL CPC,Water,703,"$2,458,013",4753580,,kg,4753580,kg,4753580
202108,M,Malaysia,Pakistan,World,TOTAL CPC,Water,703,"$4,623,042",14963400,,kg,14963400,kg,14963400
202108,M,Malaysia,Pakistan,World,TOTAL CPC,TOTAL MOT,703,"$4,623,042",14963400,,kg,14963400,kg,14963400
202108,M,Malaysia,India,World,TOTAL CPC,Water,703,"$7,857,243",15441100,,kg,15441100,kg,15441100
202108,M,Malaysia,India,World,TOTAL CPC,Road,703,"$18,159",38445,,kg,38445,kg,38445
202108,M,Malaysia,India,World,TOTAL CPC,TOTAL MOT,703,"$7,875,402",15479545,,kg,15479545,kg,15479545
202108,M,Malaysia,Viet Nam,World,TOTAL CPC,TOTAL MOT,703,$699,500,,kg,500,kg,500
202108,M,Malaysia,Viet Nam,World,TOTAL CPC,Water,703,$699,500,,kg,500,kg,500
202108,M,Malaysia,Spain,World,TOTAL CPC,TOTAL MOT,703,"$2,548",1200,,kg,1200,kg,1200
202108,M,Malaysia,Spain,World,TOTAL CPC,Road,703,"$2,548",1200,,kg,1200,kg,1200
202108,M,Malaysia,Thailand,World,TOTAL CPC,Road,703,"$272,684",1310492,,kg,1310492,kg,1310492
202108,M,Malaysia,Thailand,World,TOTAL CPC,TOTAL MOT,703,"$272,684",1310492,,kg,1310492,kg,1310492
202108,M,Malaysia,Egypt,World,TOTAL CPC,TOTAL MOT,703,"$113,761",257000,,kg,257000,kg,257000
202108,M,Malaysia,Egypt,World,TOTAL CPC,Water,703,"$113,761",257000,,kg,257000,kg,257000
202108,M,Malaysia,USA,World,TOTAL CPC,Air,703,"$2,817",406,,kg,406,kg,406
202108,M,Malaysia,USA,World,TOTAL CPC,TOTAL MOT,703,"$2,817",406,,kg,406,kg,406
202109,M,Malaysia,USA,World,TOTAL CPC,Road,703,$149,200,,kg,200,kg,200
202109,M,Malaysia,Thailand,World,TOTAL CPC,Road,703,"$254,874",1161531,,kg,1161531,kg,1161531
202109,M,Malaysia,Spain,World,TOTAL CPC,Road,703,"$9,779",1180,,kg,1180,kg,1180
202109,M,Malaysia,Singapore,World,TOTAL CPC,Road,703,$275,130,,kg,130,kg,130
202109,M,Malaysia,India,World,TOTAL CPC,Road,703,"$21,264",45525,,kg,45525,kg,45525
202109,M,Malaysia,New Zealand,World,TOTAL CPC,Road,703,"$7,276",13105,,kg,13105,kg,13105
202109,M,Malaysia,Netherlands,World,TOTAL CPC,Road,703,"$2,448",550,,kg,550,kg,550
202109,M,Malaysia,China,World,TOTAL CPC,Road,703,"$7,486",4696,,kg,4696,kg,4696
202109,M,Malaysia,Myanmar,World,TOTAL CPC,Road,703,"$83,608",485000,,kg,485000,kg,485000
202109,M,Malaysia,Australia,World,TOTAL CPC,Road,703,"$5,845",6000,,kg,6000,kg,6000
202109,M,Malaysia,World,World,TOTAL CPC,Road,703,"$393,008",1717917,,kg,1717917,kg,1717917
202109,M,Malaysia,Egypt,World,TOTAL CPC,Water,703,"$71,020",169000,,kg,169000,kg,169000
202109,M,Malaysia,Viet Nam,World,TOTAL CPC,Water,703,"$2,286",1430,,kg,1430,kg,1430
202109,M,Malaysia,India,World,TOTAL CPC,Water,703,"$11,087,454",21421750,,kg,21421750,kg,21421750
202109,M,Malaysia,Pakistan,World,TOTAL CPC,Water,703,"$3,387,076",10631800,,kg,10631800,kg,10631800
202109,M,Malaysia,New Zealand,World,TOTAL CPC,Water,703,"$599,835",1244800,,kg,1244800,kg,1244800
202109,M,Malaysia,Netherlands,World,TOTAL CPC,Water,703,"$1,481,410",3704580,,kg,3704580,kg,3704580
202109,M,Malaysia,"Other Asia, nes",World,TOTAL CPC,Water,703,"$48,278",24960,,kg,24960,kg,24960
202109,M,Malaysia,Indonesia,World,TOTAL CPC,Water,703,"$1,324",5516,,kg,5516,kg,5516
202109,M,Malaysia,"China, Hong Kong SAR",World,TOTAL CPC,Water,703,$693,730,,kg,730,kg,730
202109,M,Malaysia,China,World,TOTAL CPC,Water,703,"$15,903,100",15689040,,kg,15689040,kg,15689040
202109,M,Malaysia,Myanmar,World,TOTAL CPC,Water,703,"$10,037",29000,,kg,29000,kg,29000
202109,M,Malaysia,Australia,World,TOTAL CPC,Water,703,"$113,456",216420,,kg,216420,kg,216420
202109,M,Malaysia,World,World,TOTAL CPC,Water,703,"$32,705,975",53139026,,kg,53139026,kg,53139026
202109,M,Malaysia,USA,World,TOTAL CPC,Air,703,"$5,078",1292,,kg,1292,kg,1292
202109,M,Malaysia,Viet Nam,World,TOTAL CPC,Air,703,$121,24,,kg,24,kg,24
202109,M,Malaysia,India,World,TOTAL CPC,Air,703,$138,120,,kg,120,kg,120
202109,M,Malaysia,Netherlands,World,TOTAL CPC,Air,703,$45,10,,kg,10,kg,10
202109,M,Malaysia,Rep. of Korea,World,TOTAL CPC,Air,703,"$1,577",270,,kg,270,kg,270
202109,M,Malaysia,Japan,World,TOTAL CPC,Air,703,"$2,606",1119,,kg,1119,kg,1119
202109,M,Malaysia,Australia,World,TOTAL CPC,Air,703,"$8,203",2036,,kg,2036,kg,2036
202109,M,Malaysia,World,World,TOTAL CPC,Air,703,"$17,769",4871,,kg,4871,kg,4871
202109,M,Malaysia,USA,World,TOTAL CPC,TOTAL MOT,703,"$5,228",1492,,kg,1492,kg,1492
202109,M,Malaysia,Egypt,World,TOTAL CPC,TOTAL MOT,703,"$71,020",169000,,kg,169000,kg,169000
202109,M,Malaysia,Thailand,World,TOTAL CPC,TOTAL MOT,703,"$254,874",1161531,,kg,1161531,kg,1161531
202109,M,Malaysia,Spain,World,TOTAL CPC,TOTAL MOT,703,"$9,779",1180,,kg,1180,kg,1180
202109,M,Malaysia,Viet Nam,World,TOTAL CPC,TOTAL MOT,703,"$2,407",1454,,kg,1454,kg,1454
202109,M,Malaysia,Singapore,World,TOTAL CPC,TOTAL MOT,703,$275,130,,kg,130,kg,130
202109,M,Malaysia,India,World,TOTAL CPC,TOTAL MOT,703,"$11,108,857",21467395,,kg,21467395,kg,21467395
202109,M,Malaysia,Pakistan,World,TOTAL CPC,TOTAL MOT,703,"$3,387,076",10631800,,kg,10631800,kg,10631800
202109,M,Malaysia,New Zealand,World,TOTAL CPC,TOTAL MOT,703,"$607,112",1257905,,kg,1257905,kg,1257905
202109,M,Malaysia,Netherlands,World,TOTAL CPC,TOTAL MOT,703,"$1,483,904",3705140,,kg,3705140,kg,3705140
202109,M,Malaysia,"Other Asia, nes",World,TOTAL CPC,TOTAL MOT,703,"$48,278",24960,,kg,24960,kg,24960
202109,M,Malaysia,Rep. of Korea,World,TOTAL CPC,TOTAL MOT,703,"$1,577",270,,kg,270,kg,270
202109,M,Malaysia,Japan,World,TOTAL CPC,TOTAL MOT,703,"$2,606",1119,,kg,1119,kg,1119
202109,M,Malaysia,Indonesia,World,TOTAL CPC,TOTAL MOT,703,"$1,324",5516,,kg,5516,kg,5516
202109,M,Malaysia,"China, Hong Kong SAR",World,TOTAL CPC,TOTAL MOT,703,$693,730,,kg,730,kg,730
202109,M,Malaysia,China,World,TOTAL CPC,TOTAL MOT,703,"$15,910,586",15693736,,kg,15693736,kg,15693736
202109,M,Malaysia,Myanmar,World,TOTAL CPC,TOTAL MOT,703,"$93,646",514000,,kg,514000,kg,514000
202109,M,Malaysia,Australia,World,TOTAL CPC,TOTAL MOT,703,"$127,505",224456,,kg,224456,kg,224456
202109,M,Malaysia,World,World,TOTAL CPC,TOTAL MOT,703,"$33,116,753",54861814,,kg,54861814,kg,54861814
202110,M,Malaysia,USA,World,TOTAL CPC,TOTAL MOT,703,"$2,672",600,,kg,600,kg,600
202110,M,Malaysia,Egypt,World,TOTAL CPC,TOTAL MOT,703,"$289,672",738390,,kg,738390,kg,738390
202110,M,Malaysia,Turkey,World,TOTAL CPC,TOTAL MOT,703,"$500,423",1231410,,kg,1231410,kg,1231410
202110,M,Malaysia,Thailand,World,TOTAL CPC,TOTAL MOT,703,"$274,702",1016175,,kg,1016175,kg,1016175
202110,M,Malaysia,Spain,World,TOTAL CPC,TOTAL MOT,703,"$9,876",2056,,kg,2056,kg,2056
202110,M,Malaysia,Viet Nam,World,TOTAL CPC,TOTAL MOT,703,"$33,238",53211,,kg,53211,kg,53211
202110,M,Malaysia,India,World,TOTAL CPC,Road,703,"$4,904",7700,,kg,7700,kg,7700
202110,M,Malaysia,India,World,TOTAL CPC,TOTAL MOT,703,"$7,444,876",12668710,,kg,12668710,kg,12668710
202110,M,Malaysia,India,World,TOTAL CPC,Air,703,$26,10,,kg,10,kg,10
202110,M,Malaysia,Pakistan,World,TOTAL CPC,TOTAL MOT,703,"$4,845,809",12890050,,kg,12890050,kg,12890050
202110,M,Malaysia,Pakistan,World,TOTAL CPC,Water,703,"$4,839,458",12877300,,kg,12877300,kg,12877300
202110,M,Malaysia,New Zealand,World,TOTAL CPC,TOTAL MOT,703,"$158,625",372050,,kg,372050,kg,372050
202110,M,Malaysia,New Zealand,World,TOTAL CPC,Water,703,"$156,598",367700,,kg,367700,kg,367700
202110,M,Malaysia,Netherlands,World,TOTAL CPC,TOTAL MOT,703,"$3,525,242",8723420,,kg,8723420,kg,8723420
202110,M,Malaysia,Netherlands,World,TOTAL CPC,Water,703,"$3,517,451",8717230,,kg,8717230,kg,8717230
202110,M,Malaysia,"Other Asia, nes",World,TOTAL CPC,TOTAL MOT,703,"$182,484",96120,,kg,96120,kg,96120
202110,M,Malaysia,Rep. of Korea,World,TOTAL CPC,TOTAL MOT,703,$792,135,,kg,135,kg,135
202110,M,Malaysia,Japan,World,TOTAL CPC,TOTAL MOT,703,"$2,986",592,,kg,592,kg,592
202110,M,Malaysia,Indonesia,World,TOTAL CPC,TOTAL MOT,703,"$15,643",11537,,kg,11537,kg,11537
202110,M,Malaysia,Indonesia,World,TOTAL CPC,Water,703,"$1,265",4537,,kg,4537,kg,4537
202110,M,Malaysia,China,World,TOTAL CPC,TOTAL MOT,703,"$15,528,744",16068792,,kg,16068792,kg,16068792
202110,M,Malaysia,China,World,TOTAL CPC,Water,703,"$15,511,198",16050452,,kg,16050452,kg,16050452
202110,M,Malaysia,Myanmar,World,TOTAL CPC,TOTAL MOT,703,"$111,397",515399,,kg,515399,kg,515399
202110,M,Malaysia,Australia,World,TOTAL CPC,Road,703,"$36,949",46148,,kg,46148,kg,46148
202110,M,Malaysia,Australia,World,TOTAL CPC,TOTAL MOT,703,"$111,842",150109,,kg,150109,kg,150109
202110,M,Malaysia,Australia,World,TOTAL CPC,Air,703,"$5,933",1381,,kg,1381,kg,1381
202110,M,Malaysia,World,World,TOTAL CPC,Road,703,"$485,923",1636108,,kg,1636108,kg,1636108
202110,M,Malaysia,World,World,TOTAL CPC,TOTAL MOT,703,"$33,039,032",54538756,,kg,54538756,kg,54538756
202110,M,Malaysia,World,World,TOTAL CPC,Air,703,"$12,410",2718,,kg,2718,kg,2718
202110,M,Malaysia,USA,World,TOTAL CPC,Air,703,"$2,672",600,,kg,600,kg,600
202110,M,Malaysia,Egypt,World,TOTAL CPC,Water,703,"$289,672",738390,,kg,738390,kg,738390
202110,M,Malaysia,Turkey,World,TOTAL CPC,Water,703,"$500,423",1231410,,kg,1231410,kg,1231410
202110,M,Malaysia,Thailand,World,TOTAL CPC,Road,703,"$274,702",1016175,,kg,1016175,kg,1016175
202110,M,Malaysia,Spain,World,TOTAL CPC,Road,703,"$9,876",2056,,kg,2056,kg,2056
202110,M,Malaysia,Viet Nam,World,TOTAL CPC,Water,703,"$33,238",53211,,kg,53211,kg,53211
202110,M,Malaysia,India,World,TOTAL CPC,Water,703,"$7,439,945",12661000,,kg,12661000,kg,12661000
202110,M,Malaysia,Pakistan,World,TOTAL CPC,Road,703,"$6,350",12750,,kg,12750,kg,12750
202110,M,Malaysia,New Zealand,World,TOTAL CPC,Road,703,"$2,026",4350,,kg,4350,kg,4350
202110,M,Malaysia,Netherlands,World,TOTAL CPC,Road,703,"$7,790",6190,,kg,6190,kg,6190
202110,M,Malaysia,"Other Asia, nes",World,TOTAL CPC,Water,703,"$182,484",96120,,kg,96120,kg,96120
202110,M,Malaysia,Rep. of Korea,World,TOTAL CPC,Air,703,$792,135,,kg,135,kg,135
202110,M,Malaysia,Japan,World,TOTAL CPC,Air,703,"$2,986",592,,kg,592,kg,592
202110,M,Malaysia,Indonesia,World,TOTAL CPC,Road,703,"$14,378",7000,,kg,7000,kg,7000
202110,M,Malaysia,China,World,TOTAL CPC,Road,703,"$17,545",18340,,kg,18340,kg,18340
202110,M,Malaysia,Myanmar,World,TOTAL CPC,Road,703,"$111,397",515399,,kg,515399,kg,515399
202110,M,Malaysia,Australia,World,TOTAL CPC,Water,703,"$68,960",102580,,kg,102580,kg,102580
202110,M,Malaysia,World,World,TOTAL CPC,Water,703,"$32,540,698",52899930,,kg,52899930,kg,528999
202111,M,Malaysia,Thailand,World,TOTAL CPC,Road,703,"$182,252",685802,,kg,685802,kg,685802
202111,M,Malaysia,Singapore,World,TOTAL CPC,Road,703,$17,11,,kg,11,kg,11
202111,M,Malaysia,India,World,TOTAL CPC,Road,703,"$2,413",3600,,kg,3600,kg,3600
202111,M,Malaysia,Pakistan,World,TOTAL CPC,Road,703,"$2,677",6000,,kg,6000,kg,6000
202111,M,Malaysia,New Zealand,World,TOTAL CPC,Road,703,$804,720,,kg,720,kg,720
202111,M,Malaysia,Netherlands,World,TOTAL CPC,Road,703,"$25,875",41885,,kg,41885,kg,41885
202111,M,Malaysia,Indonesia,World,TOTAL CPC,Road,703,"$2,602",1000,,kg,1000,kg,1000
202111,M,Malaysia,China,World,TOTAL CPC,Road,703,"$15,529",11768,,kg,11768,kg,11768
202111,M,Malaysia,Myanmar,World,TOTAL CPC,Road,703,"$73,371",517000,,kg,517000,kg,517000
202111,M,Malaysia,Australia,World,TOTAL CPC,Road,703,"$9,240",12200,,kg,12200,kg,12200
202111,M,Malaysia,World,World,TOTAL CPC,Road,703,"$314,784",1279986,,kg,1279986,kg,1279986
202111,M,Malaysia,United Kingdom,World,TOTAL CPC,Water,703,$869,153,,kg,153,kg,153
202111,M,Malaysia,Egypt,World,TOTAL CPC,Water,703,"$449,126",1112900,,kg,1112900,kg,1112900
202111,M,Malaysia,Ukraine,World,TOTAL CPC,Water,703,"$12,982",29000,,kg,29000,kg,29000
202111,M,Malaysia,Turkey,World,TOTAL CPC,Water,703,"$880,256",2110930,,kg,2110930,kg,2110930
202111,M,Malaysia,Viet Nam,World,TOTAL CPC,Water,703,"$9,968",3300,,kg,3300,kg,3300
202111,M,Malaysia,India,World,TOTAL CPC,Water,703,"$2,669,163",2675920,,kg,2675920,kg,2675920
202111,M,Malaysia,Pakistan,World,TOTAL CPC,Water,703,"$7,349,214",20209000,,kg,20209000,kg,20209000
202111,M,Malaysia,New Zealand,World,TOTAL CPC,Water,703,"$48,433",84800,,kg,84800,kg,84800
202111,M,Malaysia,Netherlands,World,TOTAL CPC,Water,703,"$4,382,046",10101200,,kg,10101200,kg,10101200
202111,M,Malaysia,"Other Asia, nes",World,TOTAL CPC,Water,703,"$172,970",93760,,kg,93760,kg,93760
202111,M,Malaysia,Japan,World,TOTAL CPC,Water,703,"$17,883",23000,,kg,23000,kg,23000
202111,M,Malaysia,Indonesia,World,TOTAL CPC,Water,703,"$44,705",30510,,kg,30510,kg,30510
202111,M,Malaysia,China,World,TOTAL CPC,Water,703,"$17,047,620",17104111,,kg,17104111,kg,17104111
202111,M,Malaysia,Myanmar,World,TOTAL CPC,Water,703,"$7,299",24010,,kg,24010,kg,24010
202111,M,Malaysia,Australia,World,TOTAL CPC,Water,703,"$31,532",54423,,kg,54423,kg,54423
202111,M,Malaysia,World,World,TOTAL CPC,Water,703,"$33,124,073",53657017,,kg,53657017,kg,53657017
202111,M,Malaysia,USA,World,TOTAL CPC,Air,703,"$3,958",810,,kg,810,kg,810
202111,M,Malaysia,United Kingdom,World,TOTAL CPC,Air,703,$5,1,,kg,1,kg,1
202111,M,Malaysia,Spain,World,TOTAL CPC,Air,703,$65,13,,kg,13,kg,13
202111,M,Malaysia,India,World,TOTAL CPC,Air,703,$153,120,,kg,120,kg,120
202111,M,Malaysia,Netherlands,World,TOTAL CPC,Air,703,$133,30,,kg,30,kg,30
202111,M,Malaysia,Rep. of Korea,World,TOTAL CPC,Air,703,"$1,743",278,,kg,278,kg,278
202111,M,Malaysia,Japan,World,TOTAL CPC,Air,703,"$1,547",130,,kg,130,kg,130
202111,M,Malaysia,France,World,TOTAL CPC,Air,703,$167,110,,kg,110,kg,110
202111,M,Malaysia,Australia,World,TOTAL CPC,Air,703,"$11,282",3059,,kg,3059,kg,3059
202111,M,Malaysia,World,World,TOTAL CPC,Air,703,"$19,057",4551,,kg,4551,kg,4551
202111,M,Malaysia,USA,World,TOTAL CPC,TOTAL MOT,703,"$3,958",810,,kg,810,kg,810
202111,M,Malaysia,United Kingdom,World,TOTAL CPC,TOTAL MOT,703,$874,154,,kg,154,kg,154
202111,M,Malaysia,Egypt,World,TOTAL CPC,TOTAL MOT,703,"$449,126",1112900,,kg,1112900,kg,1112900
202111,M,Malaysia,Ukraine,World,TOTAL CPC,TOTAL MOT,703,"$12,982",29000,,kg,29000,kg,29000
202111,M,Malaysia,Turkey,World,TOTAL CPC,TOTAL MOT,703,"$880,256",2110930,,kg,2110930,kg,2110930
202111,M,Malaysia,Thailand,World,TOTAL CPC,TOTAL MOT,703,"$182,252",685802,,kg,685802,kg,685802
202111,M,Malaysia,Spain,World,TOTAL CPC,TOTAL MOT,703,$65,13,,kg,13,kg,13
202111,M,Malaysia,Viet Nam,World,TOTAL CPC,TOTAL MOT,703,"$9,968",3300,,kg,3300,kg,3300
202111,M,Malaysia,Singapore,World,TOTAL CPC,TOTAL MOT,703,$17,11,,kg,11,kg,11
202111,M,Malaysia,India,World,TOTAL CPC,TOTAL MOT,703,"$2,671,730",2679640,,kg,2679640,kg,2679640
202111,M,Malaysia,Pakistan,World,TOTAL CPC,TOTAL MOT,703,"$7,351,892",20215000,,kg,20215000,kg,20215000
202111,M,Malaysia,New Zealand,World,TOTAL CPC,TOTAL MOT,703,"$49,237",85520,,kg,85520,kg,85520
202111,M,Malaysia,Netherlands,World,TOTAL CPC,TOTAL MOT,703,"$4,408,054",10143115,,kg,10143115,kg,10143115
202111,M,Malaysia,"Other Asia, nes",World,TOTAL CPC,TOTAL MOT,703,"$172,970",93760,,kg,93760,kg,93760
202111,M,Malaysia,Rep. of Korea,World,TOTAL CPC,TOTAL MOT,703,"$1,743",278,,kg,278,kg,278
202111,M,Malaysia,Japan,World,TOTAL CPC,TOTAL MOT,703,"$19,430",23130,,kg,23130,kg,23130
202111,M,Malaysia,Indonesia,World,TOTAL CPC,TOTAL MOT,703,"$47,308",31510,,kg,31510,kg,31510
202111,M,Malaysia,France,World,TOTAL CPC,TOTAL MOT,703,$167,110,,kg,110,kg,110
202111,M,Malaysia,China,World,TOTAL CPC,TOTAL MOT,703,"$17,063,150",17115879,,kg,17115879,kg,17115879
202111,M,Malaysia,Myanmar,World,TOTAL CPC,TOTAL MOT,703,"$80,670",541010,,kg,541010,kg,541010
202111,M,Malaysia,Australia,World,TOTAL CPC,TOTAL MOT,703,"$52,055",69682,,kg,69682,kg,69682
202111,M,Malaysia,World,World,TOTAL CPC,TOTAL MOT,703,"$33,457,914",54941555,,kg,54941555,kg,54941555
202112,M,Malaysia,World,World,TOTAL CPC,TOTAL MOT,703,"$25,968,997",44201519,,kg,44201519,kg,44201519
202112,M,Malaysia,Australia,World,TOTAL CPC,TOTAL MOT,703,"$39,756",37323,,kg,37323,kg,37323
202112,M,Malaysia,Myanmar,World,TOTAL CPC,TOTAL MOT,703,"$188,005",778000,,kg,778000,kg,778000
202112,M,Malaysia,China,World,TOTAL CPC,TOTAL MOT,703,"$11,832,575",10613835,,kg,10613835,kg,10613835
202112,M,Malaysia,France,World,TOTAL CPC,TOTAL MOT,703,$164,110,,kg,110,kg,110
202112,M,Malaysia,Indonesia,World,TOTAL CPC,TOTAL MOT,703,"$6,886",16780,,kg,16780,kg,16780
202112,M,Malaysia,Japan,World,TOTAL CPC,TOTAL MOT,703,"$11,594",8366,,kg,8366,kg,8366
202112,M,Malaysia,Rep. of Korea,World,TOTAL CPC,TOTAL MOT,703,"$1,204",195,,kg,195,kg,195
202112,M,Malaysia,Netherlands,World,TOTAL CPC,TOTAL MOT,703,"$2,256,009",5332330,,kg,5332330,kg,5332330
202112,M,Malaysia,Pakistan,World,TOTAL CPC,TOTAL MOT,703,"$7,046,516",19829400,,kg,19829400,kg,19829400
202112,M,Malaysia,India,World,TOTAL CPC,TOTAL MOT,703,"$3,234,368",4749150,,kg,4749150,kg,4749150
202112,M,Malaysia,Viet Nam,World,TOTAL CPC,TOTAL MOT,703,"$10,194",3996,,kg,3996,kg,3996
202112,M,Malaysia,Spain,World,TOTAL CPC,TOTAL MOT,703,"$9,786",1200,,kg,1200,kg,1200
202112,M,Malaysia,Thailand,World,TOTAL CPC,TOTAL MOT,703,"$630,866",1330422,,kg,1330422,kg,1330422
202112,M,Malaysia,Turkey,World,TOTAL CPC,TOTAL MOT,703,"$641,615",1383260,,kg,1383260,kg,1383260
202112,M,Malaysia,Egypt,World,TOTAL CPC,TOTAL MOT,703,"$53,598",116000,,kg,116000,kg,116000
202112,M,Malaysia,USA,World,TOTAL CPC,TOTAL MOT,703,"$5,854",1152,,kg,1152,kg,1152
202112,M,Malaysia,World,World,TOTAL CPC,Air,703,"$19,791",4745,,kg,4745,kg,4745
202112,M,Malaysia,Australia,World,TOTAL CPC,Air,703,"$11,863",2773,,kg,2773,kg,2773
202112,M,Malaysia,France,World,TOTAL CPC,Air,703,$164,110,,kg,110,kg,110
202112,M,Malaysia,Japan,World,TOTAL CPC,Air,703,$419,255,,kg,255,kg,255
202112,M,Malaysia,Rep. of Korea,World,TOTAL CPC,Air,703,"$1,204",195,,kg,195,kg,195
202112,M,Malaysia,India,World,TOTAL CPC,Air,703,$285,260,,kg,260,kg,260
202112,M,Malaysia,USA,World,TOTAL CPC,Air,703,"$5,854",1152,,kg,1152,kg,1152
202112,M,Malaysia,Egypt,World,TOTAL CPC,Water,703,"$53,598",116000,,kg,116000,kg,116000
202112,M,Malaysia,Turkey,World,TOTAL CPC,Water,703,"$641,615",1383260,,kg,1383260,kg,1383260
202112,M,Malaysia,Thailand,World,TOTAL CPC,Water,703,"$35,755",28000,,kg,28000,kg,28000
202112,M,Malaysia,Viet Nam,World,TOTAL CPC,Water,703,"$10,194",3996,,kg,3996,kg,3996
202112,M,Malaysia,India,World,TOTAL CPC,Water,703,"$3,232,229",4745890,,kg,4745890,kg,4745890
202112,M,Malaysia,Pakistan,World,TOTAL CPC,Water,703,"$7,034,849",19794900,,kg,19794900,kg,19794900
202112,M,Malaysia,Netherlands,World,TOTAL CPC,Water,703,"$2,197,891",5232430,,kg,5232430,kg,5232430
202112,M,Malaysia,Japan,World,TOTAL CPC,Water,703,"$8,004",2455,,kg,2455,kg,2455
202112,M,Malaysia,Indonesia,World,TOTAL CPC,Water,703,"$3,445",14505,,kg,14505,kg,14505
202112,M,Malaysia,China,World,TOTAL CPC,Water,703,"$11,816,553",10598907,,kg,10598907,kg,10598907
202112,M,Malaysia,Myanmar,World,TOTAL CPC,Water,703,"$68,240",83000,,kg,83000,kg,83000
202112,M,Malaysia,Australia,World,TOTAL CPC,Water,703,"$17,667",19980,,kg,19980,kg,19980
202112,M,Malaysia,World,World,TOTAL CPC,Water,703,"$25,120,043",42023323,,kg,42023323,kg,42023323
202112,M,Malaysia,World,World,TOTAL CPC,Road,703,"$829,161",2173451,,kg,2173451,kg,2173451
202112,M,Malaysia,Australia,World,TOTAL CPC,Road,703,"$10,225",14570,,kg,14570,kg,14570
202112,M,Malaysia,Myanmar,World,TOTAL CPC,Road,703,"$119,765",695000,,kg,695000,kg,695000
202112,M,Malaysia,China,World,TOTAL CPC,Road,703,"$16,022",14928,,kg,14928,kg,14928
202112,M,Malaysia,Indonesia,World,TOTAL CPC,Road,703,"$3,441",2275,,kg,2275,kg,2275
202112,M,Malaysia,Japan,World,TOTAL CPC,Road,703,"$3,170",5656,,kg,5656,kg,5656
202112,M,Malaysia,Netherlands,World,TOTAL CPC,Road,703,"$58,117",99900,,kg,99900,kg,99900
202112,M,Malaysia,Pakistan,World,TOTAL CPC,Road,703,"$11,667",34500,,kg,34500,kg,34500
202112,M,Malaysia,India,World,TOTAL CPC,Road,703,"$1,853",3000,,kg,3000,kg,3000
202112,M,Malaysia,Spain,World,TOTAL CPC,Road,703,"$9,786",1200,,kg,1200,kg,1200
202112,M,Malaysia,Thailand,World,TOTAL CPC,Road,703,"$595,110",1302422,,kg,1302422,kg,1302422
 ,,,,,,,,,,,,,,
